{"KS": 0.5746138996138996, "Accuracy": 0.7984862819299905, "AUC": 0.8614129435558007}