{"KS": 0.5550836550836551, "Accuracy": 0.8136234626300851, "AUC": 0.8601971869829014}